{"cameraMode":{"drawMode":0,"name":"Shaded","section":"Shading Mode"},"sceneLighting":true,"audioPlay":false,"sceneViewState":{"m_AlwaysRefresh":false,"showFog":true,"showSkybox":true,"showFlares":true,"showImageEffects":true,"showParticleSystems":true,"showVisualEffectGraphs":true,"m_FxEnabled":true},"in2DMode":false,"pivot":{"x":-1.5501676797866822,"y":0.6985476613044739,"z":1.6367435455322266},"rotation":{"x":-0.1253361999988556,"y":-0.025894446298480035,"z":0.0032688023056834938,"w":-0.9917715191841126},"size":4.809905052185059,"orthographic":false}